{"recall": 0.8854616765272885, "precision": 0.9072951433826034}